filepath,duration,analyse_formants,analyse_zero_crossing,analyse_harmonics,get_number_sylls,get_number_words,pauses,analyse_pitch,analyse_pitch_range,analyse_shimmer,analyse_jitter,spectral_slope,analyse_mfcc,mean_spectral_rolloff,get_energy,label
dwarf_fighter_1,3.657777778,"[597.0574343945211, 1606.3534600890964, 2618.1901931114953, 3446.002133535798]",0.075603244,8.551623357,3.82746051,3.280680437,1.366950182,125.7666211,304.5807384,0.111958596,0.025734921,-0.015080645,-9.307511,1164.700974,0.007369475,dwarf_f
dwarf_fighter_10,3.49814059,"[590.735330480342, 1724.8492699257524, 2607.690432819473, 3507.891996557702]",0.085426583,6.839766645,3.144527705,1.71519693,1.429330775,119.0173672,75.59756325,0.170878428,0.028078017,-0.012268871,-8.273439,1212.989575,0.00632137,dwarf_f
dwarf_fighter_11,3.440090703,"[772.7228399212062, 1783.2368096526602, 2768.1262635416947, 3528.044301834586]",0.05814807,7.746917174,4.360350146,3.197590107,1.162760039,131.2926474,446.1530412,0.140299916,0.031628772,-0.018647445,-7.75854,1183.820358,0.010556594,dwarf_f
dwarf_fighter_12,2.554195011,"[709.3258515391543, 1791.7235295925873, 2679.024702342657, 3363.5873908258372]",0.178759326,2.735741819,3.523615057,1.95756392,0.783025568,103.5172884,497.7166974,0.161980972,0.031521471,-0.034126262,-11.394206,2084.840847,0.016741921,dwarf_f
dwarf_fighter_13,1.811156463,"[944.2368673152994, 1951.8774156095005, 3092.3153946311286, 3828.9372455504]",0.138912925,6.825263693,3.312800481,2.760667067,2.208533654,192.0729931,169.2121627,0.15579793,0.031827337,-0.061732623,-16.381472,1966.335789,0.016915898,dwarf_f
dwarf_fighter_14,4.441451247,"[591.7311048157272, 1724.965904416144, 2626.1470594639163, 3544.5207441474704]",0.127662659,7.395772272,3.827577756,2.701819593,1.576061429,115.9967637,87.89834023,0.129055192,0.022532638,-0.013706788,-7.555594,1829.481125,0.008755324,dwarf_f
dwarf_fighter_15,2.874104308,"[656.3211833939189, 1763.3761679158044, 2637.2513147944283, 3540.530485573301]",0.11738045,7.529775285,5.219017263,3.479344842,1.391737937,124.4732869,97.97245016,0.126663137,0.020798571,-0.024857095,-9.00053,1726.04252,0.010855279,dwarf_f
dwarf_fighter_16,2.136235828,"[766.8596397508256, 1668.6305572067818, 2476.354418473019, 3460.7654578950005]",0.139706191,2.384898184,2.340565557,1.404339334,1.404339334,148.5115771,102.6435828,0.209532814,0.028980548,-0.040458675,-13.42048,1720.109312,0.020371296,dwarf_f
dwarf_fighter_17,2.046893424,"[745.7723826840974, 2150.4441245145576, 2930.8426464247145, 3956.725112103516]",0.075486087,11.2594886,1.954180884,0.977090442,1.465635663,157.558956,120.6760204,0.097328137,0.018498028,-0.073462095,-9.919898,1328.526049,0.01873717,dwarf_f
dwarf_fighter_18,2.786394558,"[829.3982396700379, 1795.363096504564, 2962.0866721519706, 3931.6139325354034]",0.104548683,7.425964198,3.229980469,2.153320313,0.358886719,161.8080979,417.3849025,0.17262114,0.029721506,-0.064096464,-14.125853,1508.391981,0.026491245,dwarf_f
dwarf_fighter_19,2.97569161,"[736.5221443203445, 1821.3113309267237, 2732.4258800787125, 3500.258137795244]",0.1382328,7.923749965,3.024506965,1.680281647,0.672112659,119.9425503,96.15803661,0.118901014,0.023046556,-0.012647003,-9.538635,1774.068859,0.004992922,dwarf_f
dwarf_fighter_2,6.826666667,"[819.1804896435988, 1811.8440371981042, 2908.3206759618593, 3333.963764808516]",0.2168366,5.492650105,1.904296875,1.318359375,1.025390625,105.6696435,382.4499771,0.108088679,0.024602597,-0.053773754,-12.082262,2759.826702,0.061708839,dwarf_f
dwarf_fighter_20,1.9969161,"[865.5725357736792, 1845.62875607467, 2933.5147444417667, 3684.0256443030235]",0.143515401,2.379035642,3.004632994,2.503860828,1.001544331,160.0722986,407.5977255,0.18632802,0.03702648,-0.060833283,-12.297197,1762.876313,0.018886273,dwarf_f
dwarf_fighter_21,1.829206349,"[554.8080135945758, 1505.2067525083155, 2643.729294630398, 3473.822328337484]",0.079138647,8.79941303,2.733425894,2.733425894,2.186740715,130.2192295,101.6257198,0.135065472,0.020841583,-0.013402926,-9.656365,1225.620859,0.003203435,dwarf_f
dwarf_fighter_22,3.482993197,"[633.3618957252617, 1618.1829698338677, 2692.1709160463415, 3407.945539857783]",0.161579056,7.568582942,3.4453125,2.009765625,0.861328125,94.99985643,519.1203419,0.125382314,0.031409139,-0.047388553,-11.36444,1912.533468,0.027175518,dwarf_f
dwarf_fighter_23,2.97569161,"[620.8167182871534, 1598.0052226955868, 2596.093916065398, 3567.075940024985]",0.133119095,9.375015817,3.360563294,2.688450636,1.344225318,112.9589416,104.111198,0.121741731,0.016724071,-0.014724167,-8.985647,1831.32381,0.00592195,dwarf_f
dwarf_fighter_24,6.270022676,"[701.7717511590425, 1873.78981138904, 2757.4283760683056, 3634.463821183306]",0.124407216,8.889803339,2.711313958,2.392335846,1.116423395,112.1232096,507.9844569,0.109898454,0.023183344,-0.006842214,-9.302954,1752.453118,0.006304426,dwarf_f
dwarf_fighter_25,2.507755102,"[928.2340098245024, 1698.4654273961487, 2850.458331949707, 3879.007493557722]",0.138421015,6.363530885,3.987630208,1.993815104,0.797526042,203.7001052,130.6959954,0.133922057,0.020183259,-0.050629461,-15.951996,1720.186846,0.02408884,dwarf_f
dwarf_fighter_26,4.368888889,"[582.6931178786962, 1836.7565705524582, 2787.072424192943, 3750.695576734024]",0.136912512,9.194028562,2.746693795,2.975584944,1.144455748,116.7699372,398.6641561,0.100368742,0.020348527,-0.014757925,-9.165982,2110.253906,0.007976832,dwarf_f
dwarf_fighter_27,2.64707483,"[940.1311682892506, 2074.563555955727, 2980.171118983468, 3629.597063545243]",0.209090523,3.044537022,3.022203947,1.888877467,2.644428454,106.0089842,396.5842256,0.171191694,0.043940062,-0.029543875,-12.828096,2603.270635,0.022028338,dwarf_f
dwarf_fighter_28,3.294965986,"[575.8191010695112, 1585.205079563793, 2576.8629017874377, 3491.9149281548807]",0.120206591,7.189195084,4.248905773,3.338425964,0.910479808,130.5178611,98.49574503,0.113762633,0.025819383,-0.017055661,-8.047991,1635.99269,0.008156466,dwarf_f
dwarf_fighter_29,3.157913832,"[531.9436687222384, 1542.5583752332627, 2326.154211980073, 3103.2954888801546]",0.106274236,9.188658348,2.849982767,2.216653263,0.949994256,126.4842878,375.8883737,0.145058701,0.027260479,-0.053301595,-13.614034,1387.162658,0.030175764,dwarf_f
dwarf_fighter_3,4.455963719,"[683.8829510890721, 1711.2307120657802, 2712.0571574377527, 3561.6956298020987]",0.112752279,6.330300115,3.590693509,2.244183443,0.897673377,121.5414982,146.3369254,0.127326422,0.034631987,-0.011570468,-8.706146,1605.625534,0.006870189,dwarf_f
dwarf_fighter_30,3.436553288,"[561.8638418654957, 1516.8141457680342, 2558.0376514951195, 3389.957805628295]",0.076381607,6.910639922,3.782860008,2.327913851,0.581978463,101.2394567,519.3726689,0.105148492,0.022253289,-0.069438409,-12.300511,888.9310901,0.032275613,dwarf_f
dwarf_fighter_31,2.482267574,"[836.3444993009064, 1825.0112747889216, 2755.367195315975, 3514.780810322816]",0.081629673,6.757102666,3.625717105,2.417144736,1.611429824,120.2159756,469.7546746,0.145590652,0.031044227,-0.013240876,-9.429648,1404.186213,0.005184611,dwarf_f
dwarf_fighter_32,8.59138322,"[692.2591874729624, 1597.432976050968, 2653.5380667195604, 3505.50097670965]",0.163774269,5.064908745,1.862331081,1.513144003,0.46558277,96.84684727,518.9407703,0.112379884,0.023816652,-0.056360752,-11.244148,1757.04553,0.067784764,dwarf_f
dwarf_fighter_33,2.728979592,"[651.7546225378388, 1736.7578275924732, 2651.683110330838, 3579.6240319554176]",0.115519895,7.790126988,3.297935986,2.19862399,1.099311995,103.2332122,86.25541283,0.12454567,0.024412771,-0.009161395,-9.730037,1727.309612,0.003522937,dwarf_f
dwarf_fighter_34,5.247709751,"[626.6689499605171, 1676.3383312292747, 2616.2177408085226, 3463.9991928944874]",0.143059953,6.975800788,3.811186394,3.048949115,1.143355918,100.0547891,177.2177183,0.114365339,0.027606416,-0.051173327,-11.738052,1739.778467,0.041155582,dwarf_f
dwarf_fighter_35,2.874104308,"[704.2977959185863, 1772.6362448336076, 2774.919849378057, 3725.9627505783205]",0.115336757,6.54983303,4.17521381,3.131410358,1.391737937,117.8750643,306.5046171,0.121793145,0.033357845,-0.01159491,-7.7975264,1698.778706,0.004314446,dwarf_f
dwarf_fighter_36,5.955918367,"[638.3633395349168, 1772.2219791503212, 2732.9859640330824, 3518.679973984897]",0.081012889,5.692012262,3.861705044,3.358004386,1.511101974,94.90858467,72.52382394,0.133965691,0.039786861,-0.031760469,-7.5072594,1107.745053,0.02664604,dwarf_f
dwarf_fighter_37,3.416507937,"[621.1753816297297, 1599.1914891042652, 2618.215441121012, 3567.553469514422]",0.079372097,3.907615111,3.219661773,2.048875674,2.341572198,110.8376654,500.8925348,0.138127755,0.04927463,-0.012980521,-7.948864,984.8530537,0.00613398,dwarf_f
dwarf_fighter_38,5.840544218,"[649.6094687659997, 1652.0313990724178, 2737.561213582742, 3604.0230283105147]",0.111632332,5.437451524,4.965290719,3.76677227,1.198518449,85.74838614,520.2380369,0.135676145,0.026390067,-0.022169833,-7.204442,1357.788086,0.017935633,dwarf_f
dwarf_fighter_39,6.013968254,"[712.4829165575744, 1758.1442361358766, 2775.2643178849607, 3629.322675977722]",0.127264874,4.21442863,2.327913851,1.662795608,1.330236486,106.282387,275.5012475,0.143077747,0.037212601,-0.022492646,-7.9147387,1592.628831,0.022692694,dwarf_f
dwarf_fighter_4,5.526349206,"[653.869331879401, 1711.753984122842, 2796.138075296428, 3181.96488491905]",0.151814608,6.788743231,3.257123162,2.895220588,1.085707721,117.8191071,496.8790111,0.094611661,0.027838982,-0.071942917,-12.269641,1786.30984,0.054454592,dwarf_f
dwarf_fighter_40,7.785124717,"[631.6975751889696, 1677.4550615098335, 2748.252093489004, 3325.905051735213]",0.09517706,5.824829114,4.110403001,3.082802251,1.412951032,102.7936869,131.4384049,0.141183029,0.028289447,-0.003393025,-15.283955,1238.639832,0.003913169,dwarf_f
dwarf_fighter_41,6.51324263,"[635.6749189149228, 1684.3980014155916, 2637.0219318922477, 3582.3259239350186]",0.106723337,7.204006307,2.763600409,2.303000341,0.921200136,120.6165082,107.6022604,0.137748729,0.031036657,-0.005607036,-13.04988,1451.53713,0.005075843,dwarf_f
dwarf_fighter_42,9.067437642,"[674.7671904838122, 1729.7694200275234, 2680.1574540379747, 3638.263867532585]",0.094950098,4.232382836,3.859965889,2.867403232,2.426264273,112.8249136,86.98200279,0.146861274,0.04686992,-0.000728053,-14.247165,1274.589394,0.000825416,dwarf_f
dwarf_fighter_43,4.606031746,"[710.64458909975, 1832.0244309718075, 2858.0723649071315, 3741.9642317376474]",0.1350159,3.815580035,5.210558963,2.822386105,0.868426494,90.98573137,83.2120541,0.192389289,0.051755932,-0.007382872,-7.442213,1903.524336,0.005368634,dwarf_f
dwarf_fighter_44,4.992335601,"[686.5989036508554, 1717.2366289529414, 2747.395211820232, 3693.0642025620396]",0.119088632,3.73508019,2.203377513,2.203377513,1.80276342,88.87613059,521.0574311,0.152804001,0.030431998,-0.011759649,-8.542738,1458.924357,0.009564808,dwarf_f
dwarf_fighter_45,5.027120181,"[592.1160220274841, 1583.996243823602, 2641.3694987183467, 3588.485353417314]",0.074646277,6.21760277,3.779499856,2.188131495,1.19352627,89.98831082,86.95846677,0.125536455,0.027264863,-0.020118082,-7.698362,893.0821573,0.012870485,dwarf_f
dwarf_fighter_46,6.044807256,"[609.9712033316999, 1739.810158378199, 2695.85946310652, 3593.9427784278696]",0.081376467,6.184866873,3.308624932,1.654312466,2.150606206,92.3120352,78.65461049,0.145265941,0.034867667,-0.016670056,-8.086037,1003.604021,0.012750259,dwarf_f
dwarf_fighter_47,3.859365079,"[577.2868080718058, 1499.1226569591324, 2554.2751558715954, 3476.657974192616]",0.07337376,4.794550293,4.6639796,3.368429711,1.295549889,87.26328526,462.2052864,0.164742057,0.02533827,-0.016649794,-7.2822104,869.5158998,0.008299332,dwarf_f
dwarf_fighter_48,3.274058957,"[743.3960349166729, 1769.8036261546893, 2722.32542938767, 3747.371541309701]",0.14369567,3.24410094,2.748881471,1.527156373,1.832587647,101.5548408,513.1955824,0.137645513,0.030402736,-0.011622439,-8.886207,1922.141663,0.005824944,dwarf_f
dwarf_fighter_49,6.060453515,"[684.1441924327447, 1706.5898170728333, 2758.058949502006, 3436.2387369685357]",0.111859271,5.308243422,3.465087216,2.640066451,0.990024919,111.2021614,93.07542664,0.143680607,0.031447462,-0.003057773,-15.319342,1392.713334,0.002812374,dwarf_f
dwarf_fighter_5,5.138049887,"[595.2353223885173, 1741.3891513146316, 2532.951161373255, 3581.112767077227]",0.10538737,9.013306974,3.697901036,2.140890074,0.973131852,129.6910203,135.7970236,0.121540784,0.025248046,-0.033649559,-6.9533863,1423.228331,0.022414439,dwarf_f
dwarf_fighter_50,3.939591837,"[606.1669972219225, 1655.16240369554, 2673.0617649638357, 3625.113862073272]",0.117698759,6.428946745,5.076668048,3.553667634,2.792167426,93.69557279,103.3103949,0.147789272,0.028989425,-0.001825961,-14.558499,1542.410673,0.001047011,dwarf_f
dwarf_fighter_6,4.783310658,"[718.2115277767823, 1722.8592701959576, 2631.97443887451, 3376.556808397121]",0.153376925,6.370540559,3.344963592,2.090602245,1.881542021,142.7546358,189.1199531,0.127311961,0.033992586,-0.059749513,-13.633399,1889.564581,0.045384577,dwarf_f
dwarf_fighter_7,3.628752834,"[689.4226450632146, 1780.5590441820148, 2764.221931561262, 3703.2588074264777]",0.141007539,5.814721787,4.133651611,2.480190967,0.551153548,127.3275998,474.1547324,0.156269961,0.034792864,-0.017201478,-7.7276125,1987.775241,0.00921057,dwarf_f
dwarf_fighter_8,3.773877551,"[722.8971253458457, 1853.2624607517505, 2635.2674497997405, 3582.2845365417943]",0.080662265,6.987818877,2.649794506,2.914773956,1.324897253,134.2368183,138.3631968,0.13209071,0.027827866,-0.019548795,-6.6921268,1304.21195,0.010539181,dwarf_f
dwarf_fighter_9,4.252789116,"[649.6676293784774, 1765.9502812970463, 2631.5121924480145, 3460.0460897040266]",0.157863451,5.650005073,4.232516476,2.821677651,0.940559217,109.8451328,68.97329643,0.150666725,0.02414071,-0.01543539,-6.939227,2189.891649,0.012972865,dwarf_f
elf_ranger_1,4.86462585,"[659.7824490150073, 1887.09328218986, 2916.2709361871034, 4196.842755101949]",0.093922061,12.61986622,3.494616138,2.877919172,1.438959586,165.2528493,130.3613299,0.12713351,0.022997112,-0.003374476,-14.047441,1205.808105,0.002067293,elf_ran
elf_ranger_10,3.532154195,"[629.4957467858638, 1779.498660362528, 2736.533618382459, 3558.369838078852]",0.10378051,10.95883829,3.397360177,2.548020133,1.132453392,145.5905877,148.1627531,0.110130006,0.033371997,-0.048810221,-8.454761,1302.266199,0.020819723,elf_ran
elf_ranger_11,6.687346939,"[727.903066914423, 1836.2234711357341, 2775.529861789303, 3521.29258031682]",0.163751622,6.507084464,1.495361328,1.196289063,1.04675293,131.6371632,187.3498187,0.139094092,0.035942937,-0.057576694,-12.114972,2067.522792,0.058187588,elf_ran
elf_ranger_12,7.128435374,"[693.3166005416745, 1867.5928304932097, 2994.3680388659, 4133.641881045599]",0.160891058,12.5174104,2.525098294,1.96396534,1.823682101,346.7160073,303.4786198,0.090697125,0.013849559,-0.011437897,-14.150879,2072.02721,0.011329569,elf_ran
elf_ranger_13,4.458231293,"[782.1769613939118, 1890.359704039283, 2972.7097832446448, 3773.7045393848634]",0.153110326,7.941157167,2.467346191,1.570129395,1.121520996,175.8766304,231.6006623,0.13676485,0.032694696,-0.060458225,-16.136185,1946.80239,0.038778422,elf_ran
elf_ranger_14,3.186938776,"[672.2950978120664, 1707.4206833092023, 2777.8801948585883, 3510.0966949880694]",0.082922894,6.326564711,4.706711066,3.451588115,0.941342213,125.9593876,519.6271704,0.161166645,0.030131151,-0.029775255,-5.5126414,936.0701851,0.010146809,elf_ran
elf_ranger_15,1.9969161,"[662.6286828683035, 1527.3937201428507, 2858.9654884888027, 3376.095707601365]",0.105289152,7.498992393,4.006177326,3.50540516,1.502316497,127.4601393,94.62825391,0.109396469,0.027140663,-0.043902046,-14.258733,1301.026232,0.014791343,elf_ran
elf_ranger_16,5.201269841,"[795.8422242342215, 2000.2081923690248, 3028.2519776431923, 3728.419643479987]",0.184754774,6.517223078,3.268432617,2.691650391,1.345825195,149.682219,511.2600651,0.10134224,0.026183113,-0.057016253,-14.1990185,2394.779297,0.043862021,elf_ran
elf_ranger_17,3.213061224,"[935.5581742356993, 2102.3502856860473, 3243.2382428831047, 3954.8392803953043]",0.063989433,13.06330545,3.734756098,2.801067073,1.556148374,161.9976003,483.1147914,0.106464432,0.041015984,-0.022278883,-8.166217,1008.962244,0.009492666,elf_ran
elf_ranger_18,5.851428571,"[667.8953710266804, 1780.7289701555796, 2720.9704809384775, 3427.2368260740996]",0.150502563,8.349914641,3.247070313,2.563476563,0.512695313,125.9164577,441.083295,0.110092034,0.026045655,-0.051916958,-12.780344,1937.988281,0.04587233,elf_ran
elf_ranger_19,7.151746032,"[659.5453623381851, 1763.3049705085664, 2804.552499834051, 3547.1757320522465]",0.139917071,6.963126716,3.775301847,2.796519886,0.838955966,117.4499941,507.1643335,0.115950787,0.031661005,-0.053365726,-12.3632345,1695.966228,0.057485567,elf_ran
elf_ranger_2,2.481405896,"[786.2067479308439, 1976.58184191257, 2962.1457965521176, 3807.9455934734574]",0.078992041,10.37664426,3.626976149,2.417984099,0.8059947,174.0955155,139.7952348,0.168410327,0.023685384,-0.106985342,-5.1411943,1102.117635,0.029000926,elf_ran
elf_ranger_20,4.551111111,"[604.3043592304862, 1789.8124620963865, 2824.5504721461016, 3530.378921877089]",0.140662179,8.296614396,4.39453125,3.295898438,0.439453125,120.1190466,492.7273688,0.111823738,0.031719161,-0.072936931,-11.49469,1777.964883,0.042543328,elf_ran
elf_ranger_21,7.105306122,"[628.3081580978907, 1807.939242029666, 2708.4810289245465, 3522.8669427432674]",0.170715531,10.93136066,1.970358456,1.266659007,0.844439338,123.2662618,138.3955224,0.09324854,0.024831943,-0.057164656,-10.545838,1857.361516,0.06600841,elf_ran
elf_ranger_22,5.758548753,"[700.7059027371623, 1864.0736128409294, 2726.044434873662, 3608.518107522744]",0.156628467,8.986432573,1.910203503,1.389238911,0.86827432,137.1470415,200.2842369,0.118153534,0.030052707,-0.047358966,-11.35285,2060.874553,0.056800494,elf_ran
elf_ranger_23,4.904671202,"[666.4363136056579, 1893.1058152452624, 2854.929802283285, 3952.9947186809363]",0.120796635,11.62619228,1.019436328,0.815549062,1.427210859,253.8544322,297.9789132,0.157276976,0.034919609,-0.015024706,-14.096173,1659.377073,0.010423576,elf_ran
elf_ranger_24,3.575873016,"[697.4453733811908, 1678.2924384664184, 2586.635434661303, 3502.101925823224]",0.20811807,9.68089679,3.915127841,2.516867898,0.838955966,134.1582566,88.97256682,0.114633214,0.032670135,-0.067058014,-12.943285,1970.288086,0.033494706,elf_ran
elf_ranger_25,5.29414966,"[703.6638036895639, 1830.0242038758963, 2786.85085390758, 3512.489751348075]",0.225089127,9.624242486,2.266652961,1.511101974,1.13332648,109.5257743,77.6114699,0.093187011,0.030340385,-0.065468172,-10.344031,2153.179265,0.048974882,elf_ran
elf_ranger_26,7.89478458,"[684.3813144023595, 1809.9731918996147, 2732.820056999745, 3437.9212134507443]",0.226735761,8.988087393,4.813304228,2.786649816,0.886661305,112.7793506,165.3659201,0.119952452,0.032661708,-0.063879964,-10.900935,2009.565659,0.075183366,elf_ran
elf_ranger_27,2.86244898,"[636.2246017105392, 1756.4655235712091, 2616.1039224731394, 3644.7060352195426]",0.087418095,9.768711117,5.240268074,3.493512049,1.048053615,115.0938572,68.52499994,0.123620691,0.030695863,-0.064449498,-7.3685894,963.6108398,0.021213471,elf_ran
elf_ranger_28,5.712108844,"[680.8823112371822, 1725.6805167325876, 2737.4738196385806, 3579.027015953484]",0.149093813,9.175403427,1.050400152,1.050400152,1.050400152,144.6604337,506.9229616,0.09261254,0.023219077,-0.047473149,-15.395362,1922.949911,0.044238812,elf_ran
elf_ranger_29,6.315827664,"[679.1495382311927, 1826.9409237555303, 2808.9376352896434, 3541.110738937246]",0.181742574,7.073307766,0.158332376,0.158332376,0.949994256,129.0758186,134.6259084,0.092296147,0.023917957,-0.0424,-13.029789,2340.809044,0.050307301,elf_ran
elf_ranger_3,3.562176871,"[638.1467254832415, 1765.4490040841788, 2607.087522588867, 3628.415217808679]",0.136411196,7.55016166,4.491635475,2.807272172,1.122908869,127.6236316,484.78295,0.138633894,0.030974063,-0.074889045,-5.3602653,1633.517179,0.032497327,elf_ran
elf_ranger_30,5.154829932,"[655.5122380159929, 1601.560743290809, 2795.166491605047, 3538.5020372099434]",0.136812903,9.663723182,3.879856419,2.13392103,0.775971284,142.6182154,156.8420253,0.10228579,0.027281013,-0.074158991,-13.046162,1649.414391,0.049620328,elf_ran
elf_ranger_31,0.939229025,"[578.678974934437, 1882.639991762622, 2658.447580861798, 3645.3843561773465]",0.099537919,5.494915318,4.258812168,3.194109126,1.064703042,112.7352441,107.870331,0.16298554,0.043091779,-0.085745667,-8.074837,1322.716392,0.009398286,elf_ran
elf_ranger_32,1.658185941,"[697.6871481665763, 1923.8634660562361, 2886.826430816821, 3533.635085073438]",0.154771593,4.542103731,4.221480732,2.412274704,0.603068676,141.4194781,88.04866344,0.140215458,0.031623783,-0.059528929,-5.2021875,2033.093262,0.012068326,elf_ran
elf_ranger_33,1.327256236,"[790.3858890348188, 1909.9736792419208, 2943.7092079807967, 3681.873012553956]",0.078689049,10.75666874,4.520604114,4.520604114,1.506868038,184.9210965,121.7669234,0.099893234,0.030280197,-0.062610152,-9.827855,985.7009362,0.009485834,elf_ran
elf_ranger_34,4.702086168,"[671.8251732475369, 1851.7648484155281, 2921.205549396295, 4029.4224411056525]",0.141892607,12.66806822,2.977401838,2.552058719,2.977401838,339.8913114,379.3810256,0.128384869,0.022344289,-0.010180794,-14.268492,1968.431775,0.006876568,elf_ran
elf_ranger_35,4.791292517,"[751.0104857697393, 1884.272825285466, 2769.8520334229324, 3493.200478058534]",0.117814953,9.361422377,3.965527033,3.339391186,1.043559746,127.4242204,503.1866361,0.139760948,0.030078732,-0.027322183,-8.10398,1420.879331,0.014965435,elf_ran
elf_ranger_36,1.906122449,"[768.624254617806, 1967.071926917538, 3014.434015767545, 4048.337742823851]",0.165209667,7.94832856,4.197002141,4.197002141,0.524625268,176.4998487,231.8792546,0.146747547,0.046051003,-0.075792356,-7.9041333,1904.002141,0.017250466,elf_ran
elf_ranger_37,3.047891156,"[648.5163765123632, 1748.2817650479908, 2717.3242435697102, 3606.3037928742046]",0.111165365,7.407927538,4.59333988,3.609052763,0.984287117,141.211412,110.7553476,0.130366449,0.02809256,-0.046269225,-7.24699,1365.237704,0.016597156,elf_ran
elf_ranger_38,8.962902494,"[707.1705705266704, 1885.7184071547028, 2968.0701917325796, 4102.936028967356]",0.123111222,13.46323591,1.896707011,1.227281007,1.561994009,302.9725212,422.5762413,0.126068421,0.024037627,-0.009060297,-14.597799,1761.688658,0.012697563,elf_ran
elf_ranger_39,5.869569161,"[699.8349336677127, 1996.636959311682, 2992.8220817885085, 4137.4378725250335]",0.153771924,10.101338,5.111107677,3.918515886,2.214813327,286.4620502,322.0901564,0.139748113,0.024308141,-0.002924649,-17.360975,2171.704391,0.003030363,elf_ran
elf_ranger_4,3.554058957,"[577.9739373818138, 1714.8860463256883, 2544.979781141281, 3638.086444713527]",0.100826907,9.486673427,4.50189493,2.813684331,0.281368433,118.2070846,106.5470397,0.116881195,0.029906138,-0.099609922,-5.7692347,1187.472257,0.042949953,elf_ran
elf_ranger_40,5.166439909,"[757.940552685396, 1871.1198854453369, 2975.5014521980925, 4104.500435339445]",0.107141606,10.93080887,3.484023876,2.709796348,1.93556882,194.6713916,203.154175,0.132679827,0.018707994,-0.003404597,-13.628885,1511.3798,0.002564644,elf_ran
elf_ranger_41,6.350702948,"[716.2478647427367, 1827.8036157917556, 2965.941644490546, 4095.3500371781292]",0.092165759,14.50310501,2.047017489,1.574628837,0.629851535,241.2546809,245.5268755,0.104663065,0.017053107,-0.017412805,-14.59125,1293.839013,0.016641571,elf_ran
elf_ranger_42,10.09306122,"[724.9512895155342, 1903.422787610946, 3040.8766382582207, 4166.9987117177725]",0.111833244,11.05198688,3.170494985,2.476949207,0.891701715,211.2038861,289.3887641,0.132533133,0.030356808,-0.002689388,-14.506393,1565.587621,0.003426431,elf_ran
elf_ranger_43,7.662585034,"[786.8542960791267, 1796.3975404806886, 2951.4107296032075, 3996.661103752305]",0.083487243,11.75136516,2.610085227,2.088068182,0.91352983,206.1729783,164.9540702,0.129784561,0.025203575,-0.005093223,-14.28125,1156.938019,0.005635709,elf_ran
elf_ranger_44,3.483038549,"[523.0326873831008, 1814.715299998275, 2868.031845826946, 4073.0714043026483]",0.060624483,16.94187258,4.593690186,3.158162003,0.86131691,179.9621313,141.1403431,0.100680376,0.019431979,-0.006946852,-14.991861,838.7253919,0.003170308,elf_ran
elf_ranger_45,8.122312925,"[609.7098141398133, 1743.8422171446941, 2869.94548193208, 4094.0343683132924]",0.086209542,13.41574975,3.447293925,2.462352803,1.600529322,176.6747559,224.835625,0.123213326,0.025737591,-0.005826929,-14.845373,1126.863281,0.005739538,elf_ran
elf_ranger_46,4.109977324,"[658.4710647183545, 1850.241163116129, 2936.043484180922, 4149.231814735678]",0.082511302,10.05572788,3.406344828,1.946482759,1.216551724,173.0460998,452.4065254,0.116728215,0.031926894,-0.007831153,-13.604747,1195.576666,0.003984257,elf_ran
elf_ranger_47,7.049342404,"[612.9168290378229, 1953.5653172470218, 2983.698634183695, 4138.060737916]",0.092200028,12.24037024,3.546430088,2.695286867,1.276714832,163.6157172,137.6357258,0.100460361,0.023818323,-0.008012251,-13.122289,1238.05293,0.006468013,elf_ran
elf_ranger_48,5.410294785,"[589.2381299119012, 1801.9334525303243, 2888.370098891426, 3983.377598690398]",0.126176883,11.9382641,5.175318742,4.066321869,1.108996873,261.7705892,482.169826,0.098090161,0.016044445,-0.012100218,-14.613381,1721.045861,0.009283557,elf_ran
elf_ranger_49,2.847346939,"[747.3000896742458, 1824.4124739680665, 2798.684949208938, 3509.1644665300078]",0.028320313,16.47447799,3.512041284,2.809633028,1.053612385,134.5279575,499.4771387,0.08702996,0.025153936,-0.049559806,-5.3974104,671.6433641,0.01694042,elf_ran
elf_ranger_5,2.220408163,"[726.7803849237149, 1830.7327969853436, 2732.9448457801846, 3577.148086617394]",0.108220418,13.10871679,4.053308824,2.702205882,2.251838235,137.4285121,499.0360448,0.110495336,0.032607144,-0.011487675,-10.844237,1377.676392,0.002676528,elf_ran
elf_ranger_50,2.067936508,"[532.3028573952581, 1788.0578985169534, 2596.4019833074185, 3500.243076318218]",0.071381293,9.823408769,7.737181455,6.770033773,0.967147682,139.0987869,125.0810202,0.114631477,0.033175421,-0.034591535,-8.939041,854.6289063,0.008064462,elf_ran
elf_ranger_6,2.563265306,"[737.5605443992322, 1891.8592677789252, 2773.953886794567, 3671.0134493270334]",0.130265519,6.504001922,4.681528662,3.511146497,0.390127389,122.9495628,497.9347417,0.155096439,0.03355154,-0.04525303,-3.5939438,1862.816063,0.013490644,elf_ran
elf_ranger_7,2.538276644,"[651.4047723400129, 1901.9921483155952, 2760.4891189563486, 3467.3862217727515]",0.089493075,9.911312474,3.939680895,4.333648984,0.787936179,142.8632504,105.1909023,0.141364077,0.030687272,-0.060638807,-5.740716,1236.397372,0.017549684,elf_ran
elf_ranger_8,3.49138322,"[601.0348601647602, 1820.3817463030466, 2625.157685945565, 3580.973314486211]",0.141000103,6.337622035,5.155549782,3.150613756,0.859258297,130.3412192,105.1491885,0.119133366,0.02634984,-0.039531743,-6.5957756,1730.927282,0.017655482,elf_ran
elf_ranger_9,2.136417234,"[557.4891418445698, 1645.8937424546473, 2581.5963034521983, 3480.961656098516]",0.064174857,9.888545639,5.148806997,2.80844018,0.468073363,129.177475,503.0509502,0.095687882,0.033300022,-0.066965988,-6.1831174,902.5422127,0.016745665,elf_ran
human_scholar_1,7.945351474,"[678.754439560901, 1696.2838118293546, 2781.863842328797, 3588.100455426925]",0.117883621,11.52925325,4.027512201,3.272353663,1.636176832,130.191306,301.4794777,0.118750239,0.032150843,-0.050300088,-15.2326,1416.891044,0.046723651,human_s
human_scholar_10,6.532970522,"[633.5586133208976, 1596.7039185232848, 2650.10440556977, 3614.7714410704116]",0.113345315,8.089699509,3.214464221,2.449115597,2.296045872,138.9887188,520.5145067,0.145705455,0.032361149,-0.001495733,-17.148365,1566.044195,0.001378241,human_s
human_scholar_11,7.839138322,"[816.0671265155535, 1935.4254639867281, 3068.8486615348393, 3801.2708706134526]",0.120122966,8.639777366,4.082081306,2.168605694,2.423735775,147.4512935,499.9640547,0.139218306,0.031850345,-0.001332335,-16.052599,1680.927705,0.001470076,human_s
human_scholar_12,7.729342404,"[750.6953193039641, 1792.1443361010395, 2854.676671056728, 3525.540103074862]",0.156701623,12.4518272,2.716919358,1.811279572,1.164394011,133.2465951,190.3611767,0.110806978,0.026600515,-0.036933439,-17.284782,1927.803658,0.034380591,human_s
human_scholar_13,1.875464853,"[655.3884212584917, 1868.4337949215485, 2817.5840978106057, 3884.2181845949176]",0.085328655,7.10643546,5.332011414,4.265609131,1.066402283,169.9515634,434.2917795,0.143005087,0.02969429,-0.015885512,-11.549096,1250.653754,0.003914161,human_s
human_scholar_14,4.836961451,"[570.2396574996739, 1574.7022861150338, 2499.5027079921974, 3444.9665495671425]",0.070814799,11.17944321,3.928085884,2.894379073,1.447189536,148.1645809,435.4800675,0.135435444,0.029436411,-0.006972333,-14.434054,933.9640494,0.004262143,human_s
human_scholar_15,4.019954649,"[601.6164446936706, 1418.307789980217, 2523.9645093588606, 3552.835332549434]",0.079828372,10.28544218,0.497518051,0.248759025,0.497518051,123.50287,158.5983605,0.120782338,0.022846725,-0.023390681,-11.107916,1035.511938,0.012116179,human_s
human_scholar_16,4.691337868,"[660.2271678818543, 1716.8759442547462, 2697.2620555146946, 3539.894012968275]",0.091450508,12.95532675,4.263176211,2.771064537,1.705270485,135.3577827,74.84843491,0.110274658,0.025669829,-0.003734917,-16.492805,1321.905307,0.001925423,human_s
human_scholar_17,3.575918367,"[597.37600451622, 1635.242802522714, 2690.2931523199372, 3742.1528834576948]",0.077526462,12.77636224,4.194726629,1.957539094,0.559296884,118.4152482,149.5415607,0.106954443,0.022966792,-0.022088304,-12.618961,1141.259766,0.009269082,human_s
human_scholar_18,4.458231293,"[564.5018265661598, 1484.439638536683, 2545.8889530106667, 3529.7052492241455]",0.06251012,11.94904483,4.710388184,4.037475586,1.345825195,113.4248017,88.2591741,0.115271388,0.029516215,-0.011232074,-12.562329,823.8960543,0.006053841,human_s
human_scholar_19,3.176689342,"[597.6425781457963, 1478.5935183596764, 2530.1108284170277, 3467.9454920418984]",0.09345418,12.06675879,5.036690175,4.092310767,2.203551952,111.330089,69.93895584,0.112953085,0.02605043,-0.01236825,-11.982245,1225.977988,0.00455315,human_s
human_scholar_2,3.158684807,"[635.7230874991909, 1587.2829833901126, 2666.5328636059935, 3452.734260037635]",0.102988139,13.55438917,3.79904952,2.53269968,0.94976238,104.0633673,74.09128692,0.087870534,0.020489158,-0.034420446,-13.489516,1223.148808,0.012962214,human_s
human_scholar_20,3.797460317,"[506.4198636730321, 1357.1922586466608, 2394.3883832465494, 3379.3439531901554]",0.070208294,14.26024589,5.003343922,3.686674469,1.053335563,123.5967202,84.39411681,0.105455115,0.020430087,-0.031886467,-11.822702,875.7711271,0.014524442,human_s
human_scholar_21,7.187346939,"[679.3744014822203, 1815.2880980461218, 2823.0008070180734, 4049.563966882663]",0.09164724,13.63034762,4.174001931,2.782667954,0.973933784,160.3391472,116.0212706,0.109524648,0.023006406,-0.007309308,-16.343575,1344.817997,0.006322778,human_s
human_scholar_22,5.297369615,"[699.9494204950863, 1797.1259934092434, 2817.1756145741765, 3525.782203173687]",0.13279331,11.60364273,5.663187994,4.153004529,1.510183465,134.9712763,156.7177557,0.096980968,0.027307241,-0.036914912,-15.498685,1631.163645,0.023439162,human_s
human_scholar_23,8.268027211,"[642.7335889397955, 1677.5294516610686, 2705.8806801749474, 3519.328994314058]",0.120922783,12.60872797,5.200756952,3.023695903,0.725687017,117.6946001,249.0678739,0.099527564,0.027004116,-0.045261464,-13.754844,1470.7419,0.043998737,human_s
human_scholar_24,3.456326531,"[548.5371690862027, 1751.781526863848, 2557.6163036579287, 3390.1306477722114]",0.067608929,11.5932014,4.629192253,4.050543222,0.578649032,116.3381968,511.3707009,0.118050139,0.028971437,-0.054933132,-5.2398086,892.977598,0.020215274,human_s
human_scholar_25,3.092834467,"[582.4581707717934, 1654.0482355207776, 2597.3192445615678, 3370.249237616542]",0.076328562,8.948468603,4.849920084,3.556608062,0.323328006,127.263164,514.2045645,0.138260377,0.035910799,-0.046984877,-3.7282417,1063.724165,0.015922262,human_s
human_scholar_26,3.163945578,"[584.5209770030526, 1785.434084001606, 2574.572423634948, 3504.677317152261]",0.087402344,9.289908146,5.056976994,3.160610621,1.264244249,125.1176125,371.9958061,0.122239444,0.037194406,-0.071283013,-4.443739,1056.934485,0.03045715,human_s
human_scholar_27,1.219410431,"[426.60150696280084, 1855.4347602049527, 2755.78298089831, 3448.9757541742247]",0.084039652,8.815371363,3.280273728,2.460205296,0.820068432,141.2826696,95.53015899,0.126181592,0.041678126,-0.079754846,-2.2308192,1125.008292,0.010791462,human_s
human_scholar_28,2.878367347,"[707.3237376740483, 1842.1965942042889, 2762.4321486556787, 3477.3068586422273]",0.139234974,6.275953567,3.126772547,2.084515031,1.737095859,107.5138476,517.5563475,0.110875986,0.035360084,-0.035677038,-4.907519,1784.477382,0.012093706,human_s
human_scholar_29,1.484126984,"[468.92200490643467, 1771.7264641492848, 2607.727361620857, 3447.652158907013]",0.070304871,7.322432447,4.042780749,4.042780749,0.673796791,123.8415226,79.70210749,0.135772582,0.052978861,-0.042721111,-3.5050457,807.326889,0.006555879,human_s
human_scholar_3,3.086666667,"[547.3167716224453, 1720.0785293761273, 2773.5278693744317, 3680.5476994478868]",0.074754758,15.0570109,5.507559395,4.211663067,0.971922246,141.494564,187.7359223,0.10535027,0.024355499,-0.04990571,-15.289394,1007.851049,0.01769183,human_s
human_scholar_30,5.357188209,"[704.3817630696342, 1911.9267958925202, 2799.9232881369812, 3457.000772155974]",0.113173448,8.997748757,3.919966815,3.173306469,0.373330173,123.1265382,411.6543347,0.130309284,0.035651489,-0.079118253,-2.0953324,1450.927734,0.046889987,human_s
human_scholar_31,3.628752834,"[671.7674264733421, 1828.3573003759375, 2876.0344249938757, 3583.7964855784935]",0.094745223,11.94308658,3.582498063,3.031344515,0.826730322,118.1481976,429.3811079,0.099794676,0.036754913,-0.07212434,-4.7180614,1349.116895,0.028468865,human_s
human_scholar_32,3.366213152,"[601.598218280965, 1701.2375071340182, 2721.373346887323, 3672.689234208489]",0.093463766,10.39371514,4.158976086,3.267766925,1.188278882,114.5085573,468.2583854,0.112295413,0.024032636,-0.066479317,-4.866384,1355.997777,0.024084028,human_s
human_scholar_33,2.870748299,"[577.6333310111636, 1599.6610904942677, 2586.146222212415, 3424.038180564114]",0.07964891,16.56901328,3.483412322,2.786729858,0.348341232,114.1242666,485.4215381,0.091234883,0.020699636,-0.099669783,-4.961942,987.0542465,0.029252069,human_s
human_scholar_34,8.66,"[631.2817307610572, 1692.7714207123631, 2783.141669191317, 3567.336034070826]",0.118431112,13.05805207,4.272517321,3.11778291,1.732101617,139.3337998,289.1785859,0.103708206,0.026938981,-0.042965166,-15.366194,1450.431533,0.043291864,human_s
human_scholar_35,2.070612245,"[617.6635558213655, 1765.9282909005817, 2741.499863747707, 3698.0805903575774]",0.124527995,13.48883792,4.346540509,2.897693672,1.931795782,107.2943156,488.5007974,0.089441032,0.027130437,-0.061108856,-4.835883,1620.97168,0.013906118,human_s
human_scholar_36,2.026984127,"[486.0058950488383, 1702.926680205896, 2541.429264811757, 3560.27490513775]",0.090537331,14.4661614,3.946750196,2.466718872,0.493343774,101.661252,120.0278401,0.118746762,0.021271686,-0.157442422,-4.032036,1075.92607,0.032883771,human_s
human_scholar_37,1.708843537,"[539.9765644148632, 1721.6924518358035, 2732.2779325954634, 3506.9753594406043]",0.076825116,12.6931591,4.09633758,2.925955414,1.170382166,110.2253262,46.93180365,0.124587201,0.028217359,-0.11365147,-3.4773757,1015.552418,0.020486801,human_s
human_scholar_38,3.873333333,"[745.2272236880204, 1858.5758587336354, 2775.9470036428015, 3655.287027648925]",0.095513075,11.05125428,3.614457831,2.323580034,0.774526678,114.7384993,439.9091703,0.119095776,0.039415344,-0.08525162,-3.1552155,1513.835756,0.039579708,human_s
human_scholar_39,3.972653061,"[530.73883092271, 1668.6192367792423, 2574.199756216082, 3586.1449564317372]",0.094121889,9.025984327,4.782698038,2.768930443,0.251720949,104.0306428,58.07573373,0.100796391,0.021858586,-0.106643063,-2.063603,1210.053342,0.048439132,human_s
human_scholar_4,5.508027211,"[758.7475877957507, 1797.5473425159716, 2844.817166270888, 3586.776781578187]",0.163955817,11.30262513,4.720383361,2.904851299,1.089319237,116.6168075,238.1594309,0.102392573,0.028534987,-0.037180145,-16.353033,2112.47056,0.024812821,human_s
human_scholar_40,2.413378685,"[731.1321601076771, 2019.5836926564739, 2910.8233344430064, 3818.391817009758]",0.179185134,7.511407798,4.143568543,2.486141126,0.828713709,131.3178946,109.6076767,0.163020345,0.042198176,-0.136215423,-5.0340195,2221.750347,0.035735075,human_s
human_scholar_41,2.688027211,"[561.664068972727, 1853.874645525778, 2755.378540203365, 3580.2046129534674]",0.078596444,12.06502624,3.348180392,3.348180392,0.744040087,111.4520386,394.8947851,0.095286588,0.031587496,-0.13548219,-2.8719873,1143.580154,0.038000937,human_s
human_scholar_42,5.089024943,"[623.28652760163, 1792.5632280992613, 2682.719257280314, 3503.4821184159205]",0.112080522,9.161302621,3.53702334,2.554516856,0.58950389,108.2244113,465.0348022,0.111424491,0.036923416,-0.119602111,-3.0573425,1424.421387,0.072040153,human_s
human_scholar_43,2.239455782,"[439.28019853762686, 1564.1725405665188, 2475.8114985373627, 3216.4774233084268]",0.044378222,8.457436185,4.465370595,2.232685298,0.893074119,108.2866392,320.6646886,0.099104179,0.028583379,-0.125456035,-1.1651093,590.3871517,0.032623422,human_s
human_scholar_44,4.158503401,"[659.5717905984064, 1716.0405799368223, 2713.038951763441, 3632.8300748668585]",0.081534831,12.55954348,4.088009161,2.885653525,0.961884508,117.3270686,65.76515243,0.095679416,0.033258529,-0.163520445,-3.729327,1141.85791,0.073709086,human_s
human_scholar_45,3.865351474,"[761.5250786969643, 1811.934641889891, 2959.196047071863, 3767.827688790937]",0.161512912,10.24157735,5.432882402,3.880630287,2.069669486,129.9619529,267.7996049,0.126242246,0.031526626,-0.029700955,-16.39052,2043.268882,0.015669556,human_s
human_scholar_46,1.673333333,"[558.1601335499329, 1684.5346322294752, 2789.6412518916504, 3484.9333937227602]",0.108920163,12.54976511,5.976095618,5.378486056,0.597609562,123.1091255,75.41315621,0.108565104,0.0268753,-0.050182738,-11.145793,1411.309731,0.009342167,human_s
human_scholar_47,6.297369615,"[681.7444750593916, 1886.2489637470949, 2971.012745318502, 3783.9379982664145]",0.116442512,13.7152125,4.60509733,3.175929193,1.429168137,145.4594431,191.2216824,0.10718807,0.028516673,-0.040367455,-16.816057,1481.001461,0.031847468,human_s
human_scholar_48,2.206666667,"[688.0981438704034, 1769.861825364717, 2737.144874344713, 3489.9638979953393]",0.134379069,12.83962118,3.625377644,2.719033233,1.812688822,145.444857,158.0954499,0.075452321,0.018119392,-0.040874929,-17.187817,1748.787689,0.01016023,human_s
human_scholar_49,2.145351474,"[629.7829368859891, 1688.1457282673723, 2770.589332310499, 3520.9293530777754]",0.126464844,9.611028306,4.661240884,4.195116795,2.330620442,136.4401466,152.830563,0.115845786,0.031149074,-0.041920639,-14.559373,1441.103831,0.011346102,human_s
human_scholar_5,2.406666667,"[639.34239213747, 1694.6700787981474, 2701.6881400876996, 3518.6950046251513]",0.103121244,17.27039576,2.077562327,2.077562327,1.246537396,140.513113,138.3476228,0.069818203,0.028963631,-0.037655739,-18.638506,1329.364718,0.009475912,human_s
human_scholar_50,2.044036281,"[635.8494077587534, 1850.5616661579834, 2827.104076414091, 3758.9386243186823]",0.100651773,13.2935803,3.913824854,3.424596747,1.956912427,171.5123785,172.468866,0.096354051,0.032186015,-0.037633802,-17.962042,1224.247279,0.009862498,human_s
human_scholar_6,3.882857143,"[625.3073687900181, 1692.521396089802, 2655.968323391564, 3530.534527549844]",0.098656064,11.90889289,4.378219279,2.060338484,3.090507726,140.7631226,88.90579285,0.100980901,0.023352874,-0.000572098,-19.750881,1372.998047,0.000268509,human_s
human_scholar_7,5.282585034,"[669.6851040782225, 1591.763243368477, 2600.3829410716526, 3530.6033041713345]",0.101945844,9.726169531,3.596723929,2.839518891,2.271615113,140.8522446,521.8318867,0.118574939,0.020608576,-0.000419562,-20.972937,1356.92235,0.000301621,human_s
human_scholar_8,5.755419501,"[604.7054165057024, 1629.6218314361906, 2624.498272201565, 3549.380280619785]",0.111082015,9.251462818,3.996233462,2.432489934,2.258740653,127.9160463,167.0439244,0.140742304,0.021806262,-0.001799904,-16.023733,1420.800683,0.001407962,human_s
human_scholar_9,3.631111111,"[786.6695209058081, 1755.2934003156522, 2938.257139681343, 3939.587271259031]",0.120496616,6.575102918,0,0,1.927784578,181.2959973,489.7310582,0.144005009,0.033526832,-0.001232752,-17.934887,1503.141017,0.000692622,human_s
human_warrior_1,4.574829932,"[875.9298198482014, 1933.138692499352, 2837.341622092632, 3928.2733956679263]",0.121234316,11.77952002,3.49739777,2.623048327,2.623048327,146.497496,436.7365433,0.090009732,0.019020574,-0.004522226,-21.58806,1685.89755,0.003457467,human_w
human_warrior_10,5.764036281,"[628.1385590780457, 1667.6451722099544, 2608.309844877722, 3363.3675595159625]",0.144680284,10.42457891,6.072133882,3.29630125,1.908384934,125.2138138,112.7284385,0.102889699,0.027057544,-0.041267456,-14.110705,1763.085055,0.03003103,human_w
human_warrior_11,6.694693878,"[652.6493330297075, 1646.9509765395005, 2657.3230823663766, 3558.7758629849777]",0.134579774,10.41564594,5.526765029,2.838068528,1.792464334,125.9476489,182.6344706,0.119892791,0.028788914,-0.037666515,-15.04215,1564.808185,0.035006236,human_w
human_warrior_12,3.136598639,"[725.4833649034317, 1805.4877743477937, 2837.039107073715, 3864.5134253448855]",0.105953441,5.757549694,1.275266765,0.318816691,1.594083456,172.1553296,399.7809858,0.153055114,0.033962233,-0.008673892,-12.95978,1431.166346,0.004000057,human_w
human_warrior_13,10.14802721,"[544.8496992837206, 1553.2055166480038, 2536.255926835661, 3431.9940521482063]",0.104041809,12.35086177,5.419772618,3.744570172,1.773743766,123.9299685,151.8691899,0.109704355,0.027309306,-0.041850617,-14.649413,1265.296915,0.053211006,human_w
human_warrior_14,6.684036281,"[580.2901980677785, 1628.1470188030473, 2549.02905477683, 3436.939960640604]",0.138731215,11.49547828,4.637916178,3.889865181,0.897661196,113.4475455,86.1913268,0.112941072,0.02417888,-0.040097229,-15.178453,1608.971405,0.033045949,human_w
human_warrior_15,4.214693878,"[674.005767199763, 1676.4358814925495, 2681.9575361609614, 3516.052509789234]",0.138926747,10.21636404,4.270772807,3.321712183,1.18632578,114.4246772,439.9747864,0.089807908,0.023293589,-0.032797575,-13.554792,1743.538724,0.019245745,human_w
human_warrior_16,3.41106576,"[909.9081221266187, 1903.3405928998368, 2862.83577309052, 3570.596337696959]",0.089757387,4.671788182,2.638471561,1.758981041,1.465817534,97.27763709,88.27752807,0.130488076,0.044412807,-0.008829316,-7.702535,1506.445313,0.004194774,human_w
human_warrior_17,1.843718821,"[723.4615836477556, 1826.557051923525, 2777.476995931591, 3667.207488099369]",0.041699219,8.756454132,3.254292321,2.711910267,2.169528214,89.68237572,501.2859221,0.136610503,0.044868622,-0.005866212,-9.676515,735.4934692,0.001262133,human_w
human_warrior_18,5.25414966,"[679.5907426833039, 1865.4607919697166, 2717.6599323594946, 3411.0714978714004]",0.08452213,5.821003104,3.806515097,3.235537832,0.951628774,87.80872622,412.8852127,0.142965897,0.05822532,-0.003254605,-6.1838346,1296.640324,0.002676154,human_w
human_warrior_19,5.616961451,"[1110.9216577713753, 2269.767439192192, 3243.3301516583992, 4269.603293450976]",0.084004552,9.094605919,3.026547386,2.848515187,0.890160996,100.8747322,494.0145985,0.126941964,0.049937579,-0.029506733,-5.8043714,1174.271412,0.059611231,human_w
human_warrior_2,4.388571429,"[854.0475213300732, 1940.2265530329928, 2936.77888409596, 4016.5194936304015]",0.100591077,5.579459627,2.962239583,1.822916667,0.227864583,110.7116242,507.4213941,0.133485633,0.033601831,-0.035077186,-7.096895,1286.268889,0.021078176,human_w
human_warrior_20,3.454603175,"[656.4662820992428, 1714.719900569448, 2650.4300387143935, 3464.1564236159206]",0.092560429,5.992916938,4.052563867,3.184157324,1.736813086,103.6452411,351.1975979,0.129327903,0.047166133,-0.007596853,-6.72588,1264.389222,0.003321105,human_w
human_warrior_21,2.758004535,"[813.6934601718848, 1815.9610856655945, 2794.4970940544617, 3656.9908772348435]",0.071617319,8.491505135,3.625809846,2.900647877,0.725161969,102.1465223,513.9025871,0.208706874,0.038196432,-0.017571541,-4.527953,1106.969497,0.006010361,human_w
human_warrior_22,1.959818594,"[863.1063262372841, 1917.640138979739, 2932.558361497946, 3704.5421668262957]",0.083633961,7.428732773,4.592261767,3.061507845,3.061507845,89.13241056,499.9238231,0.128869382,0.031995108,-0.008728002,-6.965766,1277.552275,0.001949204,human_w
human_warrior_23,6.130068027,"[633.7096215909045, 1725.7433181290762, 2626.132859854499, 3550.849617457372]",0.106447155,5.794734479,2.610085227,1.794433594,2.446954901,116.1164309,522.139941,0.162150937,0.044336427,-0.004903645,-13.997302,1395.310934,0.003879591,human_w
human_warrior_24,3.193378685,"[787.8909113093549, 1885.6206209149884, 2799.074858823864, 3508.2938243292774]",0.088651353,7.130397816,2.818331582,1.878887721,0.939443861,97.17418095,31.89768928,0.095460543,0.039230284,-0.00426984,-9.497778,1199.305791,0.001770213,human_w
human_warrior_25,3.091791383,"[1166.1165291684238, 2280.8316437200506, 3404.762734762416, 4217.450679483833]",0.089789092,5.860691662,3.881245049,2.910933787,2.5874967,95.10322449,494.2579965,0.162128616,0.060213439,-0.004641897,-6.2240314,1473.256763,0.002326319,human_w
human_warrior_26,2.374693878,"[697.5403777043643, 1712.0466226397732, 2734.172759686385, 3536.344006325008]",0.120425326,8.826521637,1.684427638,1.684427638,1.263320729,117.1601053,101.7801114,0.144985129,0.026391084,-0.016898632,-19.332798,1445.651453,0.006427481,human_w
human_warrior_27,4.252789116,"[881.9388364549046, 1908.157068857729, 2883.826675137914, 3631.75400203071]",0.122110118,5.226951428,3.762236867,2.351398042,1.881118434,91.42328667,327.6682746,0.1357935,0.039009318,-0.003707607,-8.333265,1653.551052,0.002252574,human_w
human_warrior_28,4.223764172,"[797.1882653552858, 1782.7767360200426, 2780.9232855022574, 3476.568435999065]",0.084652408,6.167679062,4.498357206,2.367556424,1.183778212,94.06670326,105.5006936,0.17498703,0.050055238,-0.011543371,-5.310486,1268.980056,0.006434399,human_w
human_warrior_29,3.14984127,"[737.591184596893, 1910.9988080335247, 2776.8215934472883, 3627.5546289911176]",0.14997056,7.389777037,4.762144729,2.857286837,2.222334207,92.42506528,56.97303615,0.124223832,0.030332957,-0.011150461,-7.482683,2138.199571,0.00431263,human_w
human_warrior_3,5.050340136,"[538.237837986666, 1562.1247104506933, 2361.286302274745, 3475.9919755373116]",0.068406411,9.536270853,5.346174569,3.96012931,0.198006466,106.624004,323.5049756,0.127818139,0.024752367,-0.066635739,-6.6400642,1025.592881,0.046407443,human_w
human_warrior_30,3.58521542,"[714.3929591291263, 1890.4279303978415, 2748.8708233982825, 3566.741957638822]",0.077091734,5.680829993,2.789232676,3.068155944,1.673539606,120.5979363,473.1447494,0.153677699,0.05310812,-0.006406656,-7.309931,1244.96645,0.002823544,human_w
human_warrior_31,3.846439909,"[654.5206850159908, 1805.5132309303851, 2638.515553262801, 3550.653254067818]",0.130874082,5.016125176,4.419671281,3.119767963,1.039922654,105.3122147,401.1174529,0.110431283,0.025501071,-0.006825698,-7.059143,1928.648579,0.003479697,human_w
human_warrior_32,3.715827664,"[643.0017086560033, 1755.6583513102332, 2628.979021282487, 3563.943038669579]",0.047041804,8.592061812,3.229428564,1.883833329,2.422071423,105.8580567,59.51744193,0.147175683,0.037423061,-0.011421629,-6.75411,693.275518,0.004891803,human_w
human_warrior_33,3.846439909,"[639.1943125895708, 1739.6307059991143, 2635.7794596129206, 3571.314089727333]",0.097894508,7.377998191,4.419671281,3.63972929,2.079845309,124.3461095,422.7095344,0.120256036,0.034453159,-0.014298375,-6.6378007,1317.352074,0.00658648,human_w
human_warrior_34,4.191247166,"[588.1787064110214, 1559.7322405285718, 2425.5675979696143, 3410.1068252158507]",0.091197989,5.774232163,3.101702068,1.192962334,0.238592467,99.47483763,389.3995078,0.150814485,0.029823985,-0.041455873,-6.4552584,1087.30779,0.023347758,human_w
human_warrior_35,3.2369161,"[842.1558231194244, 1924.6169850521092, 2841.7165456832095, 3702.0907525511284]",0.040192522,7.409514068,4.634040407,4.016168353,1.235744108,102.2772911,510.8129857,0.153531778,0.065060867,-0.012608654,-5.8091264,761.583252,0.006284651,human_w
human_warrior_36,2.88861678,"[736.8175710466973, 1756.5539488219486, 2704.68019897688, 3584.317950348208]",0.082730469,6.986114423,5.19279681,3.808050994,2.077118724,93.87192264,503.1735581,0.159328624,0.041566344,-0.021463666,-5.109387,1243.154883,0.008823147,human_w
human_warrior_37,3.338503401,"[753.7118215000844, 1918.5573453191225, 2694.553592034862, 3634.0391201511998]",0.073940701,6.604506008,4.493031217,2.995354145,1.497677072,92.814124,496.9961635,0.147663403,0.054151422,-0.007597828,-5.8730884,1156.811523,0.003603027,human_w
human_warrior_38,1.846666667,"[648.564720343674, 1587.4553258625817, 2637.476259415079, 3481.3060566654262]",0.1230896,8.542297553,3.249097473,2.166064982,2.166064982,123.7829283,58.92989018,0.089862478,0.024042038,-0.026690945,-13.747184,1466.27655,0.006034915,human_w
human_warrior_39,1.932018141,"[523.7163216566712, 1564.6000652299251, 2544.852459013625, 3333.8728455841015]",0.075166248,8.930791715,4.658341353,3.105560902,0.517593484,98.7629327,44.77152371,0.103461365,0.025919538,-0.032977479,-10.751656,962.4572754,0.008611766,human_w
human_warrior_4,4.144807256,"[538.7906910890848, 1591.9304928848576, 2462.205855082857, 3546.945097880506]",0.068343008,9.777197669,4.342783364,2.895188909,0.241265742,107.0954146,374.0978498,0.129816626,0.033807883,-0.046706776,-7.4853067,902.108884,0.022407135,human_w
human_warrior_40,1.574693878,"[509.90205796403126, 1515.7864364491502, 2543.0163790714705, 3479.192863850001]",0.074283375,8.742979018,5.080352514,2.540176257,1.270088129,96.60627097,517.3416234,0.114049802,0.033154597,-0.0454843,-9.349519,992.5856646,0.00886706,human_w
human_warrior_41,2.697369615,"[584.3323174354225, 1536.8328255547126, 2603.7963916264757, 3365.8902552505206]",0.138475728,9.770950157,3.707315433,2.965852346,0.741463087,101.3565294,91.43706338,0.108202303,0.027071926,-0.031178829,-17.974335,1516.342398,0.010963124,human_w
human_warrior_42,6.108027211,"[634.8111092737852, 1613.2865686719995, 2661.844223814015, 3302.940340636826]",0.119495739,10.46912808,2.946941685,2.783222702,1.30975186,99.28906047,104.3290249,0.109916808,0.027233481,-0.032025071,-17.094032,1353.737016,0.025440904,human_w
human_warrior_43,8.518684807,"[631.1266759140843, 1570.9795861604882, 2593.3788617967257, 3391.938741062815]",0.117537413,9.818411722,4.695560513,3.521670384,1.291279141,108.8117891,113.5521964,0.109124353,0.031828853,-0.032337302,-15.045437,1311.88253,0.036699484,human_w
human_warrior_44,4.179591837,"[893.1101903627507, 1916.2560924806605, 2905.117201243469, 3878.5196788941857]",0.140163696,8.952386088,5.502929687,2.87109375,2.87109375,162.9194891,254.5500195,0.140749855,0.028677003,-0.001408639,-24.224821,1786.185148,0.001120096,human_w
human_warrior_45,4.051882086,"[576.009413527961, 1663.5522926066988, 2446.439377543768, 3427.3527319294963]",0.098816964,6.652467818,4.935977794,3.208385566,0.24679889,111.9473922,208.6871909,0.140017373,0.033825873,-0.066511074,-4.06598,1318.078125,0.035710822,human_w
human_warrior_46,4.005442177,"[622.5070745033235, 1668.4492158745575, 2591.316768051831, 3470.2025355159367]",0.081054688,6.778383903,3.245584239,1.747622283,0.499320652,94.9150055,324.2141141,0.110879676,0.028934033,-0.02467926,-7.6579165,1084.875135,0.01209414,human_w
human_warrior_47,6.606122449,"[804.8529597948345, 1722.2057687472006, 2627.8151975552814, 3679.0820575591197]",0.133352179,5.847258473,2.421995675,2.119246216,1.210997838,113.625133,357.4195911,0.128160373,0.029271821,-0.005191009,-11.696817,1694.474198,0.004733284,human_w
human_warrior_48,12.19052154,"[638.7221231210316, 1664.34800927687, 2547.893601820293, 3555.31778273062]",0.090489841,6.133124894,2.707021179,2.296866455,0.902340393,92.47399119,422.3028345,0.139191858,0.03071062,-0.00262908,-12.434716,1194.540115,0.004247728,human_w
human_warrior_49,5.46861678,"[608.9734310642217, 1589.7555062606843, 2444.840706300678, 3385.899445102069]",0.087872004,5.805357295,3.291508753,2.742923961,1.462892779,89.51468051,75.15530284,0.132876606,0.02781467,-0.002290079,-11.373923,1193.678516,0.001797585,human_w
human_warrior_5,5.42185941,"[698.7404104560965, 1700.423436947096, 2590.9847961617966, 3466.3073105745702]",0.095688518,8.026066275,0.737754283,0.553315712,0.737754283,126.2334575,502.3869242,0.121675714,0.0274825,-0.051624598,-7.7154255,1198.819674,0.043973081,human_w
human_warrior_50,8.037324263,"[723.7162596587895, 1672.9610042642184, 2514.747513196106, 3378.9222110083992]",0.102491219,9.287744303,1.11977565,0.7465171,2.861648883,139.1835526,524.825674,0.14188684,0.027123844,-0.001609391,-24.334934,1352.496144,0.002187594,human_w
human_warrior_6,2.235555556,"[767.8005498357825, 2000.1547673672608, 2838.156389562096, 3636.0295090909544]",0.043457031,8.8630157,1.789264414,1.34194831,3.131212724,106.5166168,61.91086336,0.129303942,0.050929633,-0.013851605,-7.0270386,840.9048808,0.003828995,human_w
human_warrior_7,4.292018141,"[747.6507516234959, 1824.2542166080304, 2933.0238049273435, 3897.977697219532]",0.141105363,8.498340167,2.795887531,2.329906275,1.86392502,153.3152058,164.174529,0.106145368,0.028435193,-0.025050219,-18.39127,1670.743771,0.015958179,human_w
human_warrior_8,9.969342404,"[643.9731516475342, 1605.4670061675338, 2611.4607781618947, 3481.7649237035666]",0.145687227,12.57536901,4.413530825,2.808610525,1.203690225,111.0653754,99.72635205,0.091130719,0.024738777,-0.034692622,-15.980957,1627.209075,0.042837556,human_w
human_warrior_9,7.726666667,"[596.7690024748778, 1606.378089305644, 2577.107639210191, 3378.160194712705]",0.12021543,12.15458062,4.529767041,3.235547886,1.42364107,113.490362,96.68381604,0.108848975,0.029201615,-0.040795418,-14.735695,1417.117557,0.038076725,human_w
